Make, CC, Year, Price, Link
Други,250,2023,3999,www.mobile.bg/obiava-51617863246727450
Други,300,2023,6490,www.mobile.bg/obiava-51616220936862635
Balkan,190,2023,3500,www.mobile.bg/obiava-51703184987341692
Barton,0,2023,3999,www.mobile.bg/obiava-51711297840885528
Barton,150,2024,3290,www.mobile.bg/obiava-51695215161156826
Barton,250,2024,4690,www.mobile.bg/obiava-51684391466938771
Bashan,300,2024,5690,www.mobile.bg/obiava-51654516786064273
Benelli,304,2020,5700,www.mobile.bg/obiava-51713215825322838
Beta,0,2024,4650,www.mobile.bg/obiava-51706181867206600
Cfmoto,250,2023,3900,www.mobile.bg/obiava-51680982405908689
GASGAS,250,2021,8999,www.mobile.bg/obiava-51707726310339721
GASGAS,450,2021,9500,www.mobile.bg/obiava-51697627186554822
GASGAS,450,2021,9800,www.mobile.bg/obiava-51688317539473931
GASGAS,450,2021,11000,www.mobile.bg/obiava-51701781565494517
GASGAS,350,2021,15500,www.mobile.bg/obiava-51661837077329383
GASGAS,125,2022,8989,www.mobile.bg/obiava-51705961846833275
GASGAS,450,2022,9800,www.mobile.bg/obiava-51710436803449788
GASGAS,450,2022,10999,www.mobile.bg/obiava-51707672091551759
GASGAS,350,2022,11999,www.mobile.bg/obiava-51709116525581622
GASGAS,0,2023,5900,www.mobile.bg/obiava-51712037802198628
GASGAS,0,2023,5900,www.mobile.bg/obiava-51712037854691404
GASGAS,0,2023,6000,www.mobile.bg/obiava-51709325187970097
GASGAS,0,2023,6500,www.mobile.bg/obiava-51705339258906185
GASGAS,0,2023,6500,www.mobile.bg/obiava-51710881638631588
GASGAS,0,2023,12500,www.mobile.bg/obiava-51711034131772460
GASGAS,250,2023,12500,www.mobile.bg/obiava-51700501430797319
GASGAS,250,2023,13800,www.mobile.bg/obiava-51710167927841441
GASGAS,250,2023,14500,www.mobile.bg/obiava-51713292270734018
GASGAS,350,2023,15000,www.mobile.bg/obiava-51712052998154804
GASGAS,350,2023,15000,www.mobile.bg/obiava-51713291413403262
GASGAS,350,2023,15000,www.mobile.bg/obiava-51704964625456781
GASGAS,300,2023,17500,www.mobile.bg/obiava-51694506921649725
GASGAS,0,2024,8150,www.mobile.bg/obiava-51700476796530991
GASGAS,0,2024,15000,www.mobile.bg/obiava-51710959018484201
GASGAS,125,2024,18290,www.mobile.bg/obiava-51699267414391774
GASGAS,250,2024,20990,www.mobile.bg/obiava-51699263563217554
GASGAS,450,2024,23900,www.mobile.bg/obiava-51706712540108229
Honda,0,2006,4800,www.mobile.bg/obiava-51711705794470333
Honda,0,2006,5500,www.mobile.bg/obiava-51712843906532406
Honda,0,2006,5700,www.mobile.bg/obiava-51691176307682926
Honda,250,2006,5900,www.mobile.bg/obiava-51693208018581020
Honda,0,2007,4200,www.mobile.bg/obiava-51711622679902355
Honda,0,2007,4200,www.mobile.bg/obiava-51708494538808544
Honda,0,2007,4800,www.mobile.bg/obiava-51712475766598082
Honda,0,2007,5100,www.mobile.bg/obiava-51695194678828724
Honda,250,2007,5700,www.mobile.bg/obiava-51694708912846382
Honda,450,2007,5700,www.mobile.bg/obiava-51713016618826740
Honda,0,2008,3500,www.mobile.bg/obiava-51713208761374885
Honda,450,2008,4500,www.mobile.bg/obiava-51713006169053600
Honda,0,2008,4700,www.mobile.bg/obiava-51709136436505139
Honda,250,2008,5200,www.mobile.bg/obiava-51707985362855557
Honda,250,2008,6100,www.mobile.bg/obiava-51690285088978835
Honda,0,2009,4666,www.mobile.bg/obiava-51709995135111885
Honda,250,2009,4999,www.mobile.bg/obiava-51700455841515701
Honda,250,2009,5300,www.mobile.bg/obiava-51711904433084008
Honda,0,2009,5500,www.mobile.bg/obiava-51712137223817706
Honda,0,2010,5900,www.mobile.bg/obiava-51713029722168585
Honda,0,2010,6000,www.mobile.bg/obiava-51705861217724779
Honda,450,2012,5100,www.mobile.bg/obiava-51694103385935332
Honda,0,2012,5700,www.mobile.bg/obiava-51710096507439203
Honda,0,2012,5700,www.mobile.bg/obiava-51699810486631611
Honda,0,2012,5700,www.mobile.bg/obiava-51708611800265453
Honda,450,2012,5799,www.mobile.bg/obiava-51708243183162834
Honda,0,2012,5900,www.mobile.bg/obiava-51712573274808869
Honda,250,2012,5999,www.mobile.bg/obiava-51710326628488366
Honda,450,2012,6000,www.mobile.bg/obiava-51698842630958517
Honda,0,2012,6200,www.mobile.bg/obiava-51710278495710161
Honda,700,2012,6230,www.mobile.bg/obiava-51662133523117894
Honda,0,2012,6300,www.mobile.bg/obiava-51706983218163527
Honda,450,2012,6500,www.mobile.bg/obiava-51707830692581550
Honda,450,2012,6500,www.mobile.bg/obiava-51710536893723735
Honda,450,2012,6900,www.mobile.bg/obiava-51705510583534908
Honda,0,2013,5800,www.mobile.bg/obiava-51711922863250417
Honda,0,2013,6000,www.mobile.bg/obiava-51712070270825720
Honda,0,2013,6800,www.mobile.bg/obiava-51702499036225920
Honda,450,2013,7470,www.mobile.bg/obiava-51709410229959478
Honda,450,2014,5950,www.mobile.bg/obiava-51700414847316773
Honda,0,2014,6499,www.mobile.bg/obiava-51710680773010418
Honda,250,2014,6500,www.mobile.bg/obiava-51711094707207108
Honda,450,2014,7700,www.mobile.bg/obiava-51702478613294405
Honda,450,2015,7000,www.mobile.bg/obiava-51711462093335170
Honda,0,2015,7500,www.mobile.bg/obiava-51712255531381307
Honda,450,2016,6700,www.mobile.bg/obiava-51711384975295971
Honda,0,2016,6800,www.mobile.bg/obiava-51711139047484638
Honda,0,2016,7000,www.mobile.bg/obiava-51712313648353565
Honda,0,2016,7000,www.mobile.bg/obiava-51712383761883325
Honda,450,2016,7700,www.mobile.bg/obiava-51709905130034612
Honda,250,2016,8200,www.mobile.bg/obiava-51712580276924278
Honda,450,2017,7900,www.mobile.bg/obiava-51702465951515755
Honda,450,2017,9300,www.mobile.bg/obiava-51668115184240529
Honda,0,2017,9600,www.mobile.bg/obiava-51713115264122464
Honda,450,2018,7300,www.mobile.bg/obiava-51700323683177845
Honda,0,2018,7500,www.mobile.bg/obiava-51711744466482632
Honda,250,2018,7700,www.mobile.bg/obiava-51713076192084081
Honda,250,2018,9650,www.mobile.bg/obiava-51662048884253090
Honda,450,2018,13500,www.mobile.bg/obiava-51713120607449073
Honda,250,2019,7499,www.mobile.bg/obiava-51697896228338334
Honda,450,2019,8600,www.mobile.bg/obiava-51696160645534521
Honda,250,2019,8700,www.mobile.bg/obiava-51713152304009929
Honda,450,2019,8800,www.mobile.bg/obiava-51712037813622962
Honda,0,2019,9300,www.mobile.bg/obiava-51710842248167187
Honda,450,2019,9850,www.mobile.bg/obiava-51707765894217304
Honda,0,2019,11300,www.mobile.bg/obiava-51707133104527122
Honda,450,2019,11999,www.mobile.bg/obiava-51710420747339387
Honda,450,2020,9200,www.mobile.bg/obiava-51705485008285382
Honda,450,2020,10400,www.mobile.bg/obiava-51698765334699307
Honda,450,2020,10500,www.mobile.bg/obiava-51712071938586721
Honda,450,2020,10600,www.mobile.bg/obiava-51679912675028495
Honda,250,2021,8700,www.mobile.bg/obiava-51712124381099311
Honda,300,2021,8999,www.mobile.bg/obiava-51711628688758902
Honda,0,2021,10000,www.mobile.bg/obiava-51706888606678912
Honda,0,2021,10000,www.mobile.bg/obiava-51711787503344521
Honda,450,2021,11500,www.mobile.bg/obiava-51670678696190115
Honda,450,2021,12900,www.mobile.bg/obiava-51711305831909693
Honda,450,2022,12400,www.mobile.bg/obiava-51713113561629997
Honda,250,2022,13000,www.mobile.bg/obiava-51691863934181049
Honda,450,2022,13300,www.mobile.bg/obiava-51707572142036132
Honda,450,2022,14400,www.mobile.bg/obiava-51711447031721642
Honda,450,2023,14999,www.mobile.bg/obiava-51692349134727690
Honda,450,2023,14999,www.mobile.bg/obiava-51695712733949726
Honda,450,2023,17500,www.mobile.bg/obiava-51705331036467306
Husqvarna,125,2012,5000,www.mobile.bg/obiava-51711652345368736
Husqvarna,0,2014,7300,www.mobile.bg/obiava-51712758332661796
Husqvarna,0,2015,5790,www.mobile.bg/obiava-51710510266301312
Husqvarna,0,2015,6500,www.mobile.bg/obiava-51697643547681419
Husqvarna,250,2015,6600,www.mobile.bg/obiava-51708681337286313
Husqvarna,0,2016,6500,www.mobile.bg/obiava-51709378364334831
Husqvarna,0,2016,7500,www.mobile.bg/obiava-51712581356563890
Husqvarna,250,2016,8600,www.mobile.bg/obiava-51705598323126300
Husqvarna,250,2016,9999,www.mobile.bg/obiava-51670021497571035
Husqvarna,350,2017,7800,www.mobile.bg/obiava-51710493218035920
Husqvarna,450,2017,7900,www.mobile.bg/obiava-51709047583582366
Husqvarna,250,2017,7999,www.mobile.bg/obiava-51690193731645996
Husqvarna,0,2017,8400,www.mobile.bg/obiava-51709317850132253
Husqvarna,0,2017,8700,www.mobile.bg/obiava-51700676495332111
Husqvarna,0,2017,8800,www.mobile.bg/obiava-51687097297886462
Husqvarna,250,2017,9500,www.mobile.bg/obiava-51707846507748437
Husqvarna,250,2017,9500,www.mobile.bg/obiava-51712250945175428
Husqvarna,250,2017,10999,www.mobile.bg/obiava-51668373434463572
Husqvarna,350,2018,7699,www.mobile.bg/obiava-51708610559461106
Husqvarna,350,2018,8000,www.mobile.bg/obiava-51708545540116507
Husqvarna,450,2018,8400,www.mobile.bg/obiava-51713030259300334
Husqvarna,0,2018,8799,www.mobile.bg/obiava-51713005790528620
Husqvarna,350,2018,8800,www.mobile.bg/obiava-51705502455654000
Husqvarna,350,2018,8999,www.mobile.bg/obiava-51706116567521381
Husqvarna,350,2018,9400,www.mobile.bg/obiava-51710778472291451
Husqvarna,125,2018,9500,www.mobile.bg/obiava-51709215134984333
Husqvarna,350,2018,12500,www.mobile.bg/obiava-51675014496824409
Husqvarna,0,2019,7350,www.mobile.bg/obiava-51713192511033191
Husqvarna,0,2019,8200,www.mobile.bg/obiava-51709223302849627
Husqvarna,250,2019,8300,www.mobile.bg/obiava-51696752155121951
Husqvarna,0,2019,9200,www.mobile.bg/obiava-51712329155365450
Husqvarna,0,2020,5000,www.mobile.bg/obiava-51710854316055973
Husqvarna,0,2020,5000,www.mobile.bg/obiava-51710230846019738
Husqvarna,0,2020,8499,www.mobile.bg/obiava-51709578868985358
Husqvarna,250,2020,8500,www.mobile.bg/obiava-51685590426671298
Husqvarna,450,2020,9400,www.mobile.bg/obiava-51690048894238399
Husqvarna,350,2020,10899,www.mobile.bg/obiava-51687854597084688
Husqvarna,250,2021,8900,www.mobile.bg/obiava-51699883614081433
Husqvarna,450,2021,12000,www.mobile.bg/obiava-51682098203992944
Husqvarna,0,2022,5500,www.mobile.bg/obiava-51711974849861710
Husqvarna,0,2022,10800,www.mobile.bg/obiava-51707413249011277
Husqvarna,450,2022,11900,www.mobile.bg/obiava-51712771291335766
Husqvarna,0,2022,12500,www.mobile.bg/obiava-51681986280273713
Husqvarna,0,2023,9500,www.mobile.bg/obiava-51712579926736854
Husqvarna,350,2023,12299,www.mobile.bg/obiava-51710745576543016
Husqvarna,250,2023,13900,www.mobile.bg/obiava-51690834721300184
Husqvarna,250,2023,14600,www.mobile.bg/obiava-51700832789350802
Husqvarna,250,2024,3500,www.mobile.bg/obiava-51712664524143703
Husqvarna,0,2024,14990,www.mobile.bg/obiava-51703930824358059
Kawasaki,0,2006,4500,www.mobile.bg/obiava-51711366582451034
Kawasaki,300,2006,5000,www.mobile.bg/obiava-51707659153358840
Kawasaki,0,2009,3600,www.mobile.bg/obiava-51704475873304676
Kawasaki,250,2009,5300,www.mobile.bg/obiava-51707838708375046
Kawasaki,250,2010,5555,www.mobile.bg/obiava-51702246156090292
Kawasaki,0,2010,5999,www.mobile.bg/obiava-51703182841984034
Kawasaki,0,2011,4000,www.mobile.bg/obiava-51705580639075135
Kawasaki,450,2011,4900,www.mobile.bg/obiava-51710545447279660
Kawasaki,0,2011,5000,www.mobile.bg/obiava-51711564390167235
Kawasaki,0,2011,5000,www.mobile.bg/obiava-51712750974145447
Kawasaki,0,2011,5000,www.mobile.bg/obiava-51712335075463202
Kawasaki,100,2013,3500,www.mobile.bg/obiava-51711138777732294
Kawasaki,201,2014,5500,www.mobile.bg/obiava-51712055940990286
Kawasaki,0,2014,6000,www.mobile.bg/obiava-51690741020693969
Kawasaki,0,2014,6300,www.mobile.bg/obiava-51710773695149288
Kawasaki,0,2015,3500,www.mobile.bg/obiava-51711110415672123
Kawasaki,0,2015,5500,www.mobile.bg/obiava-51704473787553015
Kawasaki,0,2015,5500,www.mobile.bg/obiava-51711049589005214
Kawasaki,0,2015,5950,www.mobile.bg/obiava-51692279151220241
Kawasaki,250,2015,6500,www.mobile.bg/obiava-51704981779808914
Kawasaki,250,2015,6700,www.mobile.bg/obiava-51713284121274674
Kawasaki,0,2015,7000,www.mobile.bg/obiava-51710929667044228
Kawasaki,450,2016,6800,www.mobile.bg/obiava-51710523287582548
Kawasaki,450,2016,6800,www.mobile.bg/obiava-51689688195272818
Kawasaki,250,2016,6999,www.mobile.bg/obiava-51655545082235953
Kawasaki,250,2016,7300,www.mobile.bg/obiava-51709650271569270
Kawasaki,250,2016,8199,www.mobile.bg/obiava-51703781294522666
Kawasaki,450,2016,8200,www.mobile.bg/obiava-51702555686571403
Kawasaki,250,2017,7000,www.mobile.bg/obiava-51710401980111656
Kawasaki,0,2017,7200,www.mobile.bg/obiava-51712552180373012
Kawasaki,0,2017,7350,www.mobile.bg/obiava-51710421200453502
Kawasaki,450,2017,7400,www.mobile.bg/obiava-51697620240964611
Kawasaki,450,2017,7500,www.mobile.bg/obiava-51711471010746939
Kawasaki,450,2017,7550,www.mobile.bg/obiava-51707899410353495
Kawasaki,450,2017,7899,www.mobile.bg/obiava-51694021668030668
Kawasaki,0,2017,8500,www.mobile.bg/obiava-51697396725181021
Kawasaki,450,2018,7300,www.mobile.bg/obiava-51698933265730236
Kawasaki,450,2018,7500,www.mobile.bg/obiava-51709714846690234
Kawasaki,450,2018,7676,www.mobile.bg/obiava-51670175945055486
Kawasaki,450,2018,7700,www.mobile.bg/obiava-51711733538460437
Kawasaki,0,2018,7800,www.mobile.bg/obiava-51712240941668882
Kawasaki,450,2018,8500,www.mobile.bg/obiava-51710493622956882
Kawasaki,250,2019,7300,www.mobile.bg/obiava-51705220827925675
Kawasaki,250,2019,8500,www.mobile.bg/obiava-51687288206064060
Kawasaki,450,2019,9450,www.mobile.bg/obiava-51711258002484008
Kawasaki,110,2020,5500,www.mobile.bg/obiava-51708245642517802
Kawasaki,0,2020,8500,www.mobile.bg/obiava-51688129488217222
Kawasaki,0,2020,8800,www.mobile.bg/obiava-51711236134785929
Kawasaki,450,2020,9300,www.mobile.bg/obiava-51703423009713904
Kawasaki,450,2020,9400,www.mobile.bg/obiava-51711441722203387
Kawasaki,0,2020,10400,www.mobile.bg/obiava-51709978727531856
Kawasaki,250,2020,10999,www.mobile.bg/obiava-51670970935890619
Kawasaki,0,2021,4800,www.mobile.bg/obiava-51712833134915138
Kawasaki,450,2021,9700,www.mobile.bg/obiava-51708675244582715
Kawasaki,250,2022,10000,www.mobile.bg/obiava-51699293256199596
Kawasaki,0,2022,11000,www.mobile.bg/obiava-51710513517956338
Kawasaki,450,2022,11499,www.mobile.bg/obiava-51709537160470875
Kawasaki,140,2023,6300,www.mobile.bg/obiava-51708761646450603
Kawasaki,0,2023,11299,www.mobile.bg/obiava-51709978165811918
KSR,125,2018,3100,www.mobile.bg/obiava-51698143668146631
Ktm,0,2006,4399,www.mobile.bg/obiava-51713101902633818
Ktm,250,2006,6150,www.mobile.bg/obiava-51699882585130445
Ktm,0,2006,6500,www.mobile.bg/obiava-51712686542161480
Ktm,525,2006,7700,www.mobile.bg/obiava-51693647087046938
Ktm,250,2007,5000,www.mobile.bg/obiava-51712756771302622
Ktm,250,2007,6399,www.mobile.bg/obiava-51703573435907888
Ktm,450,2007,6666,www.mobile.bg/obiava-51696479653699820
Ktm,505,2008,4500,www.mobile.bg/obiava-51710228613425829
Ktm,0,2008,4900,www.mobile.bg/obiava-51711357045167352
Ktm,0,2008,5500,www.mobile.bg/obiava-51691498281917843
Ktm,250,2008,6200,www.mobile.bg/obiava-51712309127465006
Ktm,250,2008,6999,www.mobile.bg/obiava-51710770366806707
Ktm,0,2009,4000,www.mobile.bg/obiava-51712304403293108
Ktm,250,2009,5200,www.mobile.bg/obiava-51711289377318725
Ktm,250,2009,6000,www.mobile.bg/obiava-51699110178946259
Ktm,530,2009,6400,www.mobile.bg/obiava-51707322931552279
Ktm,250,2010,5800,www.mobile.bg/obiava-51712648591271533
Ktm,450,2010,6700,www.mobile.bg/obiava-51709274836818253
Ktm,0,2011,3300,www.mobile.bg/obiava-51710354139770637
Ktm,0,2011,3700,www.mobile.bg/obiava-51711609201696348
Ktm,0,2011,5300,www.mobile.bg/obiava-51707572542172660
Ktm,450,2011,5700,www.mobile.bg/obiava-51706184617664186
Ktm,0,2011,6000,www.mobile.bg/obiava-51701153569552526
Ktm,0,2011,6399,www.mobile.bg/obiava-51711526556131418
Ktm,350,2011,6799,www.mobile.bg/obiava-51703777259381093
Ktm,450,2011,7300,www.mobile.bg/obiava-51711302626057955
Ktm,0,2012,3700,www.mobile.bg/obiava-51698510562040655
Ktm,0,2012,4700,www.mobile.bg/obiava-51681795715180452
Ktm,250,2012,5500,www.mobile.bg/obiava-51711382723307526
Ktm,0,2012,5700,www.mobile.bg/obiava-51711237002550338
Ktm,0,2012,5800,www.mobile.bg/obiava-51711703149341671
Ktm,0,2012,6200,www.mobile.bg/obiava-51711526172358641
Ktm,0,2012,6400,www.mobile.bg/obiava-51710311443029470
Ktm,0,2012,6500,www.mobile.bg/obiava-51712056089875274
Ktm,350,2012,6500,www.mobile.bg/obiava-51712662918165837
Ktm,350,2012,6600,www.mobile.bg/obiava-51713112390322054
Ktm,0,2012,6800,www.mobile.bg/obiava-51712861388642132
Ktm,250,2012,7000,www.mobile.bg/obiava-51710263580418311
Ktm,0,2013,3800,www.mobile.bg/obiava-51708874128012748
Ktm,0,2013,4000,www.mobile.bg/obiava-51694194078023452
Ktm,125,2013,5500,www.mobile.bg/obiava-51696182305061526
Ktm,0,2013,5995,www.mobile.bg/obiava-51694978571912330
Ktm,350,2013,6500,www.mobile.bg/obiava-51712958101269985
Ktm,0,2013,6600,www.mobile.bg/obiava-51709846281959400
Ktm,0,2014,4200,www.mobile.bg/obiava-51709472192849041
Ktm,0,2014,4333,www.mobile.bg/obiava-51712809959339100
Ktm,0,2014,4999,www.mobile.bg/obiava-51710322129868403
Ktm,0,2014,5350,www.mobile.bg/obiava-51711228190656381
Ktm,0,2014,5500,www.mobile.bg/obiava-51692098852699975
Ktm,250,2014,5700,www.mobile.bg/obiava-51712758528546569
Ktm,0,2014,6900,www.mobile.bg/obiava-51711360982890197
Ktm,350,2014,6999,www.mobile.bg/obiava-51710406639247215
Ktm,350,2014,6999,www.mobile.bg/obiava-51712639286986450
Ktm,0,2014,7000,www.mobile.bg/obiava-51711197426493189
Ktm,250,2014,7333,www.mobile.bg/obiava-51711899634285246
Ktm,0,2014,7700,www.mobile.bg/obiava-51713279042219809
Ktm,350,2014,7900,www.mobile.bg/obiava-51710940680752474
Ktm,125,2015,4500,www.mobile.bg/obiava-51712832612092805
Ktm,0,2015,5000,www.mobile.bg/obiava-51709296206263083
Ktm,0,2015,6500,www.mobile.bg/obiava-51711383679887135
Ktm,250,2015,6990,www.mobile.bg/obiava-51709024358530831
Ktm,350,2015,7000,www.mobile.bg/obiava-51713181600491329
Ktm,0,2015,7099,www.mobile.bg/obiava-51702482415965918
Ktm,350,2015,7099,www.mobile.bg/obiava-51699258378692686
Ktm,0,2015,7199,www.mobile.bg/obiava-51711292808383293
Ktm,450,2015,7500,www.mobile.bg/obiava-51701948389949533
Ktm,450,2016,7499,www.mobile.bg/obiava-51698597665732499
Ktm,0,2016,7500,www.mobile.bg/obiava-51712220152444363
Ktm,450,2016,7700,www.mobile.bg/obiava-51708190545889038
Ktm,0,2016,8000,www.mobile.bg/obiava-51710916683354272
Ktm,250,2016,8000,www.mobile.bg/obiava-51712247536023950
Ktm,350,2016,8200,www.mobile.bg/obiava-51692082105437490
Ktm,450,2016,9500,www.mobile.bg/obiava-51713206410347455
Ktm,450,2016,9600,www.mobile.bg/obiava-51707919412870222
Ktm,350,2016,9799,www.mobile.bg/obiava-51712043981507538
Ktm,450,2016,11700,www.mobile.bg/obiava-51708717209091964
Ktm,0,2017,4200,www.mobile.bg/obiava-51711949476764344
Ktm,0,2017,4500,www.mobile.bg/obiava-51709638278866919
Ktm,250,2017,6999,www.mobile.bg/obiava-51712105344015125
Ktm,350,2017,7500,www.mobile.bg/obiava-51713181082402251
Ktm,0,2017,7500,www.mobile.bg/obiava-51712254525651089
Ktm,350,2017,7700,www.mobile.bg/obiava-51712938516293580
Ktm,450,2017,8200,www.mobile.bg/obiava-51700290940472393
Ktm,250,2017,8399,www.mobile.bg/obiava-51710103091652790
Ktm,450,2017,8400,www.mobile.bg/obiava-51706344466402627
Ktm,250,2017,8500,www.mobile.bg/obiava-51704741172378924
Ktm,450,2017,8500,www.mobile.bg/obiava-51682790165050108
Ktm,0,2017,8600,www.mobile.bg/obiava-51710422599095822
Ktm,0,2017,8699,www.mobile.bg/obiava-51712074925131847
Ktm,0,2017,8900,www.mobile.bg/obiava-51703707330758664
Ktm,0,2017,8900,www.mobile.bg/obiava-51697994110896812
Ktm,250,2017,9800,www.mobile.bg/obiava-51705402776808435
Ktm,250,2017,9800,www.mobile.bg/obiava-51704790841763723
Ktm,350,2017,10500,www.mobile.bg/obiava-51713119025274060
Ktm,250,2017,11800,www.mobile.bg/obiava-51676736103468072
Ktm,450,2017,12700,www.mobile.bg/obiava-51709106597155927
Ktm,450,2017,12900,www.mobile.bg/obiava-51711398865021179
Ktm,0,2018,6500,www.mobile.bg/obiava-51713189880797330
Ktm,350,2018,8150,www.mobile.bg/obiava-51710087538568150
Ktm,250,2018,8299,www.mobile.bg/obiava-51712739410262601
Ktm,500,2018,8400,www.mobile.bg/obiava-51704303004413467
Ktm,350,2018,8500,www.mobile.bg/obiava-51704190538502709
Ktm,350,2018,8700,www.mobile.bg/obiava-51702292673855896
Ktm,250,2018,8700,www.mobile.bg/obiava-51706732231892162
Ktm,250,2018,8800,www.mobile.bg/obiava-51711744246636339
Ktm,0,2018,8999,www.mobile.bg/obiava-51710614404731064
Ktm,0,2018,9000,www.mobile.bg/obiava-51710141949858249
Ktm,250,2018,9200,www.mobile.bg/obiava-51684845744016129
Ktm,350,2018,9700,www.mobile.bg/obiava-51711485736969320
Ktm,450,2018,9999,www.mobile.bg/obiava-51655393942797322
Ktm,350,2018,10199,www.mobile.bg/obiava-51690706657321400
Ktm,350,2018,10700,www.mobile.bg/obiava-51654807685759246
Ktm,450,2018,12300,www.mobile.bg/obiava-51676139032616627
Ktm,0,2019,5000,www.mobile.bg/obiava-51711621731147186
Ktm,0,2019,6900,www.mobile.bg/obiava-51709616544128784
Ktm,350,2019,8200,www.mobile.bg/obiava-51713188019307020
Ktm,0,2019,8250,www.mobile.bg/obiava-51713193137898447
Ktm,0,2019,8700,www.mobile.bg/obiava-51707677257217366
Ktm,450,2019,9000,www.mobile.bg/obiava-51707288212144130
Ktm,0,2019,9000,www.mobile.bg/obiava-51708201179100074
Ktm,450,2019,9000,www.mobile.bg/obiava-51704362957999587
Ktm,450,2019,9300,www.mobile.bg/obiava-51695565010504824
Ktm,250,2019,9500,www.mobile.bg/obiava-51677870281381141
Ktm,450,2019,9500,www.mobile.bg/obiava-51692804835848608
Ktm,350,2019,9600,www.mobile.bg/obiava-51705597823436058
Ktm,350,2019,9600,www.mobile.bg/obiava-51711894823550174
Ktm,0,2019,9600,www.mobile.bg/obiava-51706373988407635
Ktm,450,2019,10000,www.mobile.bg/obiava-51708975273942961
Ktm,350,2019,10299,www.mobile.bg/obiava-51712942029536146
Ktm,350,2019,10299,www.mobile.bg/obiava-51712665034696341
Ktm,350,2019,10777,www.mobile.bg/obiava-51712667026472510
Ktm,450,2019,10800,www.mobile.bg/obiava-51712413805995007
Ktm,350,2019,11700,www.mobile.bg/obiava-51691313182771809
Ktm,350,2019,11850,www.mobile.bg/obiava-51711811067877074
Ktm,0,2019,11999,www.mobile.bg/obiava-51701928985242694
Ktm,0,2020,5200,www.mobile.bg/obiava-51711451916881475
Ktm,0,2020,5200,www.mobile.bg/obiava-51701169425125584
Ktm,0,2020,5950,www.mobile.bg/obiava-51712068135265065
Ktm,0,2020,8000,www.mobile.bg/obiava-51710705341616437
Ktm,0,2020,8800,www.mobile.bg/obiava-51700238077098497
Ktm,250,2020,8999,www.mobile.bg/obiava-51710961933122058
Ktm,0,2020,9200,www.mobile.bg/obiava-51711236714202282
Ktm,450,2020,10200,www.mobile.bg/obiava-51699206109207368
Ktm,0,2020,10350,www.mobile.bg/obiava-51713193992379268
Ktm,0,2020,10999,www.mobile.bg/obiava-51711802509908455
Ktm,0,2020,11000,www.mobile.bg/obiava-51711117788888133
Ktm,0,2020,12600,www.mobile.bg/obiava-51702207893989049
Ktm,450,2020,14900,www.mobile.bg/obiava-51688974478140260
Ktm,450,2021,9800,www.mobile.bg/obiava-51712513476145719
Ktm,250,2021,10500,www.mobile.bg/obiava-51696755204442614
Ktm,450,2021,10800,www.mobile.bg/obiava-51698297032618933
Ktm,125,2021,11000,www.mobile.bg/obiava-51710769395621485
Ktm,0,2021,12700,www.mobile.bg/obiava-51710668715442166
Ktm,450,2021,12999,www.mobile.bg/obiava-51702235441733710
Ktm,0,2021,13800,www.mobile.bg/obiava-51701178637066584
Ktm,450,2022,10000,www.mobile.bg/obiava-51710096649199906
Ktm,0,2022,10500,www.mobile.bg/obiava-51712898803089459
Ktm,450,2022,10900,www.mobile.bg/obiava-51710948630978481
Ktm,250,2022,11500,www.mobile.bg/obiava-51713291838034084
Ktm,0,2022,12500,www.mobile.bg/obiava-51686640917449705
Ktm,450,2022,13200,www.mobile.bg/obiava-51706026828128298
Ktm,0,2023,9500,www.mobile.bg/obiava-51708510165327342
Ktm,250,2023,12300,www.mobile.bg/obiava-51707573229333329
Ktm,250,2023,13555,www.mobile.bg/obiava-51712303268641735
Ktm,202,2023,16000,www.mobile.bg/obiava-51708361892095993
Ktm,0,2023,16500,www.mobile.bg/obiava-51708291280358129
Ktm,0,2024,15000,www.mobile.bg/obiava-51710964410174588
Rieju,0,2017,3800,www.mobile.bg/obiava-51712218127985484
Suzuki,125,2006,4900,www.mobile.bg/obiava-51712815400706697
Suzuki,0,2006,5000,www.mobile.bg/obiava-51710743747281163
Suzuki,0,2007,3700,www.mobile.bg/obiava-51711282661339093
Suzuki,450,2007,4500,www.mobile.bg/obiava-51699469232116551
Suzuki,0,2009,5200,www.mobile.bg/obiava-51712867106593061
Suzuki,250,2009,6900,www.mobile.bg/obiava-51712857590438833
Suzuki,450,2011,5900,www.mobile.bg/obiava-51712497028373471
Suzuki,0,2012,4200,www.mobile.bg/obiava-51639583575294378
Suzuki,250,2012,6350,www.mobile.bg/obiava-51710925853752553
Suzuki,0,2012,6700,www.mobile.bg/obiava-51686591854987797
Suzuki,450,2012,7400,www.mobile.bg/obiava-51710347416759671
Suzuki,450,2013,5700,www.mobile.bg/obiava-51713265292177512
Suzuki,0,2013,6000,www.mobile.bg/obiava-51711532364606869
Suzuki,0,2014,4100,www.mobile.bg/obiava-51713230878720574
Suzuki,250,2015,6000,www.mobile.bg/obiava-51706180597805073
Suzuki,0,2015,7000,www.mobile.bg/obiava-51701849999802708
Suzuki,0,2015,7700,www.mobile.bg/obiava-51712229792254574
Suzuki,0,2016,6000,www.mobile.bg/obiava-51707758541526272
Suzuki,0,2017,6400,www.mobile.bg/obiava-51709567671164936
Suzuki,0,2017,7000,www.mobile.bg/obiava-51711745216288065
Suzuki,0,2017,7000,www.mobile.bg/obiava-51700396128210728
Suzuki,0,2017,7000,www.mobile.bg/obiava-51710010005475116
Suzuki,0,2018,8700,www.mobile.bg/obiava-51710700017038228
Suzuki,0,2018,8800,www.mobile.bg/obiava-51692557073012977
Suzuki,450,2018,9000,www.mobile.bg/obiava-51706293815935186
Suzuki,450,2018,9300,www.mobile.bg/obiava-51676472724493387
Suzuki,450,2019,9120,www.mobile.bg/obiava-51710349562047864
Suzuki,0,2020,7999,www.mobile.bg/obiava-51711236451622005
Suzuki,0,2020,8100,www.mobile.bg/obiava-51659689034813221
Suzuki,450,2020,8500,www.mobile.bg/obiava-51687028344564596
Suzuki,450,2021,9200,www.mobile.bg/obiava-51713210144210765
Tm,450,2016,8000,www.mobile.bg/obiava-51711095365595096
Yamaha,0,2006,3200,www.mobile.bg/obiava-51710011489589435
Yamaha,450,2007,5500,www.mobile.bg/obiava-51710682847193906
Yamaha,0,2008,4400,www.mobile.bg/obiava-51712511751095663
Yamaha,250,2009,5199,www.mobile.bg/obiava-51713167754918469
Yamaha,250,2009,5300,www.mobile.bg/obiava-51709567139634522
Yamaha,0,2009,5500,www.mobile.bg/obiava-51711824596039394
Yamaha,0,2009,5500,www.mobile.bg/obiava-51709328593654990
Yamaha,0,2009,5999,www.mobile.bg/obiava-51710613201643952
Yamaha,450,2009,6000,www.mobile.bg/obiava-51704800589501246
Yamaha,450,2009,6500,www.mobile.bg/obiava-51705849324753834
Yamaha,0,2010,6100,www.mobile.bg/obiava-51711040725817994
Yamaha,250,2011,6200,www.mobile.bg/obiava-51706026190978766
Yamaha,450,2011,7000,www.mobile.bg/obiava-51713124197821502
Yamaha,0,2012,5600,www.mobile.bg/obiava-51701889899586239
Yamaha,450,2012,5999,www.mobile.bg/obiava-51680176008345808
Yamaha,0,2012,6000,www.mobile.bg/obiava-51705351077940801
Yamaha,250,2012,7900,www.mobile.bg/obiava-51523296516703158
Yamaha,0,2012,10000,www.mobile.bg/obiava-51702207197257970
Yamaha,0,2013,5000,www.mobile.bg/obiava-51710965092439483
Yamaha,0,2013,5600,www.mobile.bg/obiava-51707039317852498
Yamaha,450,2013,6600,www.mobile.bg/obiava-51710940562258069
Yamaha,450,2013,6700,www.mobile.bg/obiava-51712676263841083
Yamaha,450,2013,7000,www.mobile.bg/obiava-51708068200804716
Yamaha,450,2014,7199,www.mobile.bg/obiava-51709492637818029
Yamaha,450,2015,7999,www.mobile.bg/obiava-51706429784176098
Yamaha,450,2016,7300,www.mobile.bg/obiava-51710712763177344
Yamaha,450,2016,7500,www.mobile.bg/obiava-51711992396564526
Yamaha,0,2016,7500,www.mobile.bg/obiava-51704537841283172
Yamaha,450,2016,8000,www.mobile.bg/obiava-51712945987154519
Yamaha,0,2017,6700,www.mobile.bg/obiava-51712419506288966
Yamaha,450,2017,7000,www.mobile.bg/obiava-51712600365795048
Yamaha,0,2017,7200,www.mobile.bg/obiava-51713275877985515
Yamaha,0,2017,7300,www.mobile.bg/obiava-51712604747053370
Yamaha,250,2017,7350,www.mobile.bg/obiava-51711736559084528
Yamaha,450,2017,7960,www.mobile.bg/obiava-51707377099231785
Yamaha,0,2017,8200,www.mobile.bg/obiava-51711625663725413
Yamaha,450,2017,8390,www.mobile.bg/obiava-51691646857515967
Yamaha,450,2017,8500,www.mobile.bg/obiava-51710235691271696
Yamaha,450,2017,9500,www.mobile.bg/obiava-51706993417369331
Yamaha,250,2017,9600,www.mobile.bg/obiava-51659478045508240
Yamaha,0,2018,7999,www.mobile.bg/obiava-51713030335998167
Yamaha,450,2018,8300,www.mobile.bg/obiava-51709121826898516
Yamaha,0,2018,8400,www.mobile.bg/obiava-51706107861256900
Yamaha,0,2018,9300,www.mobile.bg/obiava-51705323812988218
Yamaha,0,2018,10500,www.mobile.bg/obiava-51710573119107904
Yamaha,250,2018,12000,www.mobile.bg/obiava-51671292607324846
Yamaha,250,2019,4650,www.mobile.bg/obiava-51712413770597563
Yamaha,450,2019,8100,www.mobile.bg/obiava-51712734003198711
Yamaha,201,2019,8999,www.mobile.bg/obiava-51679743242303710
Yamaha,450,2019,8999,www.mobile.bg/obiava-51709492402446012
Yamaha,250,2019,9000,www.mobile.bg/obiava-51706180628676070
Yamaha,0,2019,9850,www.mobile.bg/obiava-51700415311755396
Yamaha,0,2019,10500,www.mobile.bg/obiava-51712607468125339
Yamaha,0,2019,11000,www.mobile.bg/obiava-51712561522144609
Yamaha,0,2019,11300,www.mobile.bg/obiava-51705581408467694
Yamaha,450,2020,9000,www.mobile.bg/obiava-51709877631543264
Yamaha,450,2020,9900,www.mobile.bg/obiava-51679613458731187
Yamaha,450,2020,10200,www.mobile.bg/obiava-51675637836573170
Yamaha,125,2021,3800,www.mobile.bg/obiava-51701507771860067
Yamaha,0,2021,10700,www.mobile.bg/obiava-51700851335966883
Yamaha,0,2021,11500,www.mobile.bg/obiava-51712063023367136
Yamaha,250,2021,12000,www.mobile.bg/obiava-51706046120611424
Yamaha,450,2021,14300,www.mobile.bg/obiava-51713121438007684
Yamaha,450,2021,14300,www.mobile.bg/obiava-51713121091961591
Yamaha,450,2022,12999,www.mobile.bg/obiava-51713261384967635
Yamaha,125,2023,10850,www.mobile.bg/obiava-51706720050491079
Yamaha,125,2023,11400,www.mobile.bg/obiava-51713262654115954
Yamaha,0,2023,14300,www.mobile.bg/obiava-51713200956363109
Yamaha,0,2024,17000,www.mobile.bg/obiava-51713122476470293
Yamaha,0,2024,18999,www.mobile.bg/obiava-51708114969693815
